Day,TaxRate,TaxRevenue
1,100.0,10000.0
2,100.0,20000.0
3,100.0,30000.0
4,100.0,40000.0
5,100.0,50000.0
6,100.0,60000.0
7,100.0,70000.0
8,100.0,80000.0
9,100.0,90000.0
10,100.0,100000.0
11,100.0,110000.0
12,100.0,120000.0
13,100.0,130000.0
14,100.0,140000.0
15,100.0,150000.0
16,100.0,160000.0
17,100.0,170000.0
18,100.0,180000.0
19,100.0,190000.0
20,100.0,200000.0
21,100.0,210000.0
22,100.0,220000.0
23,100.0,230000.0
24,100.0,240000.0
25,100.0,250000.0
26,100.0,260000.0
27,100.0,270000.0
28,100.0,280000.0
29,100.0,290000.0
30,100.0,300000.0
31,100.0,310000.0
32,100.0,320000.0
33,100.0,330000.0
34,100.0,340000.0
35,100.0,350000.0
36,100.0,360000.0
37,100.0,370000.0
38,100.0,380000.0
39,100.0,390000.0
40,100.0,400000.0
41,100.0,410000.0
42,100.0,420000.0
43,100.0,430000.0
44,100.0,440000.0
45,100.0,450000.0
46,100.0,460000.0
47,100.0,470000.0
48,100.0,480000.0
49,100.0,490000.0
50,100.0,500000.0
51,100.0,510000.0
52,100.0,520000.0
53,100.0,530000.0
54,100.0,540000.0
55,100.0,550000.0
56,100.0,560000.0
57,100.0,570000.0
58,100.0,580000.0
59,100.0,590000.0
60,100.0,600000.0
61,100.0,610000.0
62,100.0,620000.0
63,100.0,630000.0
64,100.0,640000.0
65,100.0,650000.0
66,100.0,660000.0
67,100.0,670000.0
68,100.0,680000.0
69,100.0,690000.0
70,100.0,700000.0
71,100.0,710000.0
72,100.0,720000.0
73,100.0,730000.0
74,100.0,740000.0
75,100.0,750000.0
76,100.0,760000.0
77,100.0,770000.0
78,100.0,780000.0
79,100.0,790000.0
80,100.0,800000.0
81,100.0,810000.0
82,100.0,820000.0
83,100.0,830000.0
84,100.0,840000.0
85,100.0,850000.0
86,100.0,860000.0
87,100.0,870000.0
88,100.0,880000.0
89,100.0,890000.0
90,100.0,900000.0
91,100.0,910000.0
92,100.0,920000.0
93,100.0,930000.0
94,100.0,940000.0
95,100.0,950000.0
96,100.0,960000.0
97,100.0,970000.0
98,100.0,980000.0
99,100.0,990000.0
100,100.0,1000000.0
101,100.0,1010000.0
102,100.0,1020000.0
103,100.0,1030000.0
104,100.0,1040000.0
105,100.0,1050000.0
106,100.0,1060000.0
107,100.0,1070000.0
108,100.0,1080000.0
109,100.0,1090000.0
110,100.0,1100000.0
111,100.0,1110000.0
112,100.0,1120000.0
113,100.0,1130000.0
114,100.0,1140000.0
115,100.0,1150000.0
116,100.0,1160000.0
117,100.0,1170000.0
118,100.0,1180000.0
119,100.0,1190000.0
120,100.0,1200000.0
121,100.0,1210000.0
122,100.0,1220000.0
123,100.0,1230000.0
124,100.0,1240000.0
125,100.0,1250000.0
126,100.0,1260000.0
127,100.0,1270000.0
128,100.0,1280000.0
129,100.0,1290000.0
130,100.0,1300000.0
131,100.0,1310000.0
132,100.0,1320000.0
133,100.0,1330000.0
134,100.0,1340000.0
135,100.0,1350000.0
136,100.0,1360000.0
137,100.0,1370000.0
138,100.0,1380000.0
139,100.0,1389900.0
140,100.0,1398900.0
141,100.0,1407900.0
142,100.0,1416900.0
143,100.0,1425900.0
144,100.0,1434900.0
145,100.0,1443900.0
146,100.0,1452200.0
147,100.0,1460200.0
148,100.0,1468200.0
149,100.0,1476200.0
150,100.0,1484200.0
151,100.0,1492200.0
152,100.0,1500200.0
153,100.0,1508200.0
154,100.0,1516200.0
155,100.0,1524200.0
156,100.0,1532200.0
157,100.0,1540200.0
158,100.0,1548200.0
159,100.0,1556200.0
160,100.0,1564200.0
161,100.0,1572200.0
162,100.0,1580200.0
163,100.0,1588200.0
164,100.0,1596200.0
165,100.0,1604200.0
166,100.0,1612200.0
167,100.0,1620200.0
168,100.0,1628200.0
169,100.0,1636200.0
170,100.0,1644200.0
171,100.0,1652200.0
172,100.0,1660200.0
173,100.0,1668200.0
174,100.0,1676200.0
175,100.0,1684200.0
176,100.0,1692200.0
177,100.0,1700200.0
178,100.0,1708200.0
179,100.0,1716200.0
180,100.0,1724200.0
181,100.0,1732200.0
182,100.0,1740200.0
183,100.0,1748200.0
184,100.0,1756200.0
185,100.0,1764200.0
186,100.0,1772200.0
187,100.0,1780200.0
188,100.0,1788200.0
189,100.0,1796200.0
190,100.0,1804200.0
191,100.0,1812200.0
192,100.0,1820200.0
193,100.0,1828200.0
194,100.0,1836200.0
195,100.0,1844200.0
196,100.0,1852200.0
197,100.0,1860200.0
198,100.0,1868200.0
199,100.0,1876200.0
200,100.0,1884200.0
201,100.0,1892200.0
202,100.0,1900200.0
203,100.0,1907600.0
204,100.0,1914600.0
205,100.0,1921600.0
206,100.0,1928600.0
207,100.0,1935600.0
208,100.0,1942600.0
209,100.0,1949600.0
210,100.0,1956600.0
211,100.0,1963600.0
212,100.0,1970600.0
213,100.0,1977600.0
214,100.0,1984600.0
215,100.0,1991600.0
216,100.0,1998600.0
217,100.0,2005600.0
218,100.0,2012600.0
219,100.0,2019600.0
220,100.0,2026600.0
221,100.0,2033600.0
222,100.0,2040600.0
223,100.0,2047600.0
224,100.0,2054600.0
225,100.0,2061600.0
226,100.0,2068600.0
227,100.0,2075600.0
228,100.0,2082600.0
229,100.0,2089600.0
230,100.0,2096600.0
231,100.0,2103600.0
232,100.0,2110600.0
233,100.0,2117600.0
234,100.0,2124600.0
235,100.0,2131600.0
236,100.0,2138600.0
237,100.0,2145600.0
238,100.0,2152600.0
239,100.0,2159600.0
240,100.0,2166600.0
241,100.0,2173600.0
242,100.0,2180600.0
243,100.0,2187600.0
244,100.0,2194600.0
245,100.0,2201600.0
246,100.0,2208600.0
247,100.0,2215600.0
248,100.0,2222600.0
249,100.0,2229600.0
250,100.0,2236600.0
251,100.0,2243600.0
252,100.0,2250600.0
253,100.0,2257600.0
254,100.0,2264600.0
255,100.0,2271600.0
256,100.0,2278600.0
257,100.0,2285600.0
258,100.0,2292600.0
259,100.0,2299600.0
260,100.0,2306600.0
261,100.0,2313600.0
262,100.0,2320600.0
263,100.0,2327600.0
264,100.0,2334600.0
265,100.0,2341600.0
266,100.0,2348600.0
267,100.0,2355600.0
268,100.0,2362600.0
269,100.0,2369600.0
270,100.0,2376600.0
271,100.0,2383600.0
272,100.0,2390600.0
273,100.0,2397600.0
274,100.0,2404600.0
275,100.0,2411600.0
276,100.0,2418600.0
277,100.0,2425600.0
278,100.0,2432600.0
279,100.0,2439400.0
280,100.0,2445400.0
281,100.0,2451400.0
282,100.0,2457400.0
283,100.0,2463400.0
284,100.0,2469400.0
285,100.0,2475400.0
286,100.0,2481400.0
287,100.0,2487400.0
288,100.0,2493400.0
289,100.0,2499400.0
290,100.0,2505400.0
291,100.0,2511400.0
292,100.0,2517400.0
293,100.0,2523400.0
294,100.0,2529400.0
295,100.0,2535400.0
296,100.0,2541400.0
297,100.0,2547400.0
298,100.0,2553400.0
299,100.0,2559400.0
300,100.0,2565400.0
301,100.0,2571400.0
302,100.0,2577400.0
303,100.0,2583400.0
304,100.0,2589400.0
305,100.0,2595400.0
306,100.0,2601400.0
307,100.0,2607400.0
308,100.0,2613400.0
309,100.0,2619400.0
310,100.0,2625400.0
311,100.0,2631400.0
312,100.0,2637400.0
313,100.0,2643400.0
314,100.0,2649400.0
315,100.0,2655400.0
316,100.0,2661400.0
317,100.0,2667400.0
318,100.0,2673400.0
319,100.0,2679400.0
320,100.0,2685400.0
321,100.0,2691400.0
322,100.0,2697400.0
323,100.0,2703400.0
324,100.0,2709400.0
325,100.0,2715400.0
326,100.0,2721400.0
327,100.0,2727400.0
328,100.0,2733400.0
329,100.0,2739400.0
330,100.0,2745400.0
331,100.0,2751400.0
332,100.0,2757400.0
333,100.0,2763400.0
334,100.0,2769400.0
335,100.0,2775400.0
336,100.0,2781400.0
337,100.0,2787400.0
338,100.0,2793400.0
339,100.0,2799400.0
340,100.0,2805400.0
341,100.0,2811400.0
342,100.0,2817400.0
343,100.0,2823400.0
344,100.0,2829400.0
345,100.0,2834400.0
346,100.0,2839400.0
347,100.0,2844400.0
348,100.0,2849400.0
349,100.0,2854400.0
350,100.0,2859400.0
351,100.0,2864400.0
352,100.0,2869400.0
353,100.0,2874400.0
354,100.0,2879400.0
355,100.0,2884400.0
356,100.0,2889400.0
357,100.0,2894400.0
358,100.0,2899400.0
359,100.0,2903400.0
360,100.0,2907400.0
